,word,mean_dist,mean_freq
0,чужеземный_ADJ,0.5982086136937141,4.161570526531244e-06
1,доисторический_ADJ,0.6497681923210621,4.151007207228184e-06
2,демократичный_ADJ,0.7470718994736671,2.764793654984593e-06
3,полусонный_ADJ,0.6350745223462582,2.7878919244208233e-06
4,незатейливый_ADJ,0.5956649333238602,3.848355847835924e-06
5,неправедный_ADJ,0.6524548027664423,3.6964266829687604e-06
6,подворный_ADJ,0.8053809981793165,7.49480579407925e-07
7,трехчасовый_ADJ,0.8932014461606741,7.45073829872485e-07
8,туповатый_ADJ,0.6811288967728615,1.4192258852632802e-06
9,определительный_ADJ,0.7992261376930401,1.3878264127847269e-06
10,рукодельный_ADJ,0.7933300361037254,6.369266795447733e-07
11,стекловидный_ADJ,0.7746264431625605,6.44765318668662e-07
12,школьный_ADJ,0.6786046214401722,6.499654857678725e-05
13,социалистический_ADJ,0.6869463697075844,6.667481388280214e-05
14,шестиэтажный_ADJ,0.6942393966019154,8.948597670690591e-07
15,заплаканный_ADJ,0.5618845373392105,8.88719245073147e-07
16,фаллический_ADJ,0.7471314035356045,5.625364178507586e-07
17,смачный_ADJ,0.7139838188886642,7.758851935770298e-07
18,фантасмагорический_ADJ,0.8584528835490346,7.61092692042638e-07
19,извинительный_ADJ,0.7276969812810421,1.5115406532525774e-06
20,обожженный_ADJ,0.6622860450297594,1.5106889327085844e-06
21,своенравный_ADJ,0.5535844042897224,3.0200159846949895e-06
22,прозорливый_ADJ,0.725939255207777,3.0648230258257464e-06
23,смешной_ADJ,0.5019550994038582,0.0001121478036329283
24,царский_ADJ,0.7041654763743281,0.00012901459385981876
25,попеременный_ADJ,0.8334086867980659,3.3144035501044066e-07
26,маргариновый_ADJ,0.7741434727795422,3.341015691270664e-07
27,златокудрый_ADJ,0.6756661832332611,2.8589532289781184e-07
28,заклинательный_ADJ,0.7799680884927511,2.7703713033300133e-07
29,плебейский_ADJ,0.6041698157787323,1.5611786564863484e-06
30,коротконогий_ADJ,0.6010602712631226,1.604138195594512e-06
31,бесцельный_ADJ,0.5967163443565369,4.661619893256433e-06
32,высохший_ADJ,0.5024495422840118,4.643671020830321e-06
33,необязательный_ADJ,0.721693117171526,5.2436409069142205e-06
34,скульптурный_ADJ,0.5892353150993586,5.2634956695111e-06
35,другой_ADJ,0.4461922273039818,0.0031675506599758044
36,гомеопатический_ADJ,0.737779401242733,9.145527816330632e-06
37,ощутимый_ADJ,0.6676591169089079,9.08220255090245e-06
38,прошлый_ADJ,0.5401145666837692,0.00017391856439819922
39,нужный_ADJ,0.4543636366724968,0.0010680873701672377
40,оглушительный_ADJ,0.5687778145074844,9.942179904525895e-06
41,повышенный_ADJ,0.6185436323285103,9.172518843179537e-06
42,прилежный_ADJ,0.6940586064010859,4.4196602546060566e-06
43,многонациональный_ADJ,0.8140329848974943,4.333666044224105e-06
44,встречный_ADJ,0.6104204915463924,2.841679612788662e-05
45,сознательный_ADJ,0.5912323426455259,3.0651514228705483e-05
46,недостоверный_ADJ,0.7506920443847775,1.983657595106911e-06
47,убойный_ADJ,0.8119344289880246,1.9728301719425938e-06
48,некорректный_ADJ,0.7314921654760838,1.558886831800176e-06
49,смирительный_ADJ,0.8110514618456364,1.5611774681493308e-06
50,наживной_ADJ,0.560382530093193,6.565867408060542e-07
51,фаршированный_ADJ,0.5946615412831306,6.678356281844689e-07
52,отглагольный_ADJ,0.6858759261667728,3.8910644804238267e-07
53,кастильский_ADJ,0.8413411863148212,4.017150619580098e-07
54,сметный_ADJ,0.82170744612813,1.886960569346808e-06
55,похмельный_ADJ,0.7791531533002853,1.9148899945965776e-06
56,нотный_ADJ,0.6367563679814339,3.6865086486942953e-06
57,пещерный_ADJ,0.682646993547678,3.88983896000221e-06
58,староверческий_ADJ,0.7230783887207508,4.949787873035792e-07
59,заматерелый_ADJ,0.7621992789208889,4.941921896938531e-07
60,узловатый_ADJ,0.5563875585794449,2.17484201082998e-06
61,неугасимый_ADJ,0.5812399014830589,2.1528465228703496e-06
62,невинный_ADJ,0.518810972571373,4.436902675393753e-05
63,казенный_ADJ,0.6944805160164833,5.550223487279282e-05
64,монотонный_ADJ,0.5674931518733501,5.958643992005677e-06
65,жилистый_ADJ,0.5627347156405449,5.781240277345232e-06
66,волшебный_ADJ,0.6218845373950899,3.7619014303087543e-05
67,жидкий_ADJ,0.6223357804119587,3.531331660232411e-05
68,антиномический_ADJ,0.7236618045717478,4.2605714540582207e-07
69,разгоряченный_ADJ,0.6810617297887802,4.228597716650274e-07
70,многоразличный_ADJ,0.7638215087354183,1.8404921343457545e-06
71,физико-химический_ADJ,0.6848453842103481,1.8402698735477157e-06
72,кахетинский_ADJ,0.6737929433584213,1.0263132792201214e-06
73,аспидный_ADJ,0.6202325969934464,1.0315780626640828e-06
74,полноватый_ADJ,0.6500031128525734,1.2241386924522343e-06
75,древнеримский_ADJ,0.675474189221859,1.222328976390534e-06
76,благовоспитанный_ADJ,0.6261500921100378,2.2907803584341737e-06
77,мозаичный_ADJ,0.5852220132946968,2.3162890271000594e-06
78,разноязычный_ADJ,0.6357843838632107,8.004170993785656e-07
79,внучатый_ADJ,0.6267150789499283,8.060634068907634e-07
80,автобусный_ADJ,0.8434734791517258,5.521386411436949e-06
81,складной_ADJ,0.6511988304555416,5.6205542923485285e-06
82,несоразмерный_ADJ,0.7359257051721215,1.091956947283049e-06
83,заплесневелый_ADJ,0.6148280203342438,1.0769696475577965e-06
84,холоднокровный_ADJ,0.7667681816965342,2.275002770454338e-07
85,самаркандский_ADJ,0.752069691196084,9.308243152838415e-07
86,узкоглазый_ADJ,0.66736800968647,9.384847693785445e-07
87,мужичий_ADJ,0.5535199493169785,1.7310838082639312e-06
88,дутый_ADJ,0.7083829063922167,1.7319534794969905e-06
89,неравноправный_ADJ,0.8965847995132208,4.793432317071887e-07
90,испорченный_ADJ,0.8322629183530807,4.80798166505517e-07
91,осоловелый_ADJ,0.6097637116909027,5.242551134290063e-07
92,каргопольский_ADJ,0.6613650731742382,5.242175499571803e-07
93,тифозный_ADJ,0.6947531886398792,2.217293543944924e-06
94,числовой_ADJ,0.7034524194896221,2.2282131757492732e-06
95,магазинный_ADJ,0.7397194001823664,2.696773209251371e-06
96,пористый_ADJ,0.6982803344726562,2.6713842353892638e-06
97,канатный_ADJ,0.7098659090697765,2.5278589887490557e-06
98,неподражаемый_ADJ,0.6193143893033266,2.4957882082393566e-06
99,русалочий_ADJ,0.7328813970088959,4.6906588531034944e-07
100,отекший_ADJ,0.6312805712223053,4.5536925249754897e-07
101,малосольный_ADJ,0.6100421845912933,9.545775701553322e-07
102,пограничный_ADJ,0.6444830417749472,2.328676682410185e-05
103,бархатный_ADJ,0.5702362321317196,2.618280197519682e-05
104,спорный_ADJ,0.6420433109742589,1.2702534541684689e-05
105,всегдашний_ADJ,0.5541692823171616,1.2209673021828206e-05
106,треугольный_ADJ,0.5895667895674706,7.951390827369265e-06
107,грамматический_ADJ,0.6321046222001314,8.201723110582729e-06
108,пониженный_ADJ,0.7540968284010887,2.168799764792991e-06
109,психофизический_ADJ,0.6428875997662544,2.130856256793494e-06
110,блинный_ADJ,0.6793874949216843,5.418853284589465e-07
111,осязаемый_ADJ,0.7756492774933577,5.509575838745059e-07
112,стадный_ADJ,0.7123979777097702,1.4015320837589626e-06
113,мотивированный_ADJ,0.7851160727441311,1.4255399357955715e-06
114,жалованный_ADJ,0.8032045923173428,6.820721112662951e-07
115,пошлейший_ADJ,0.7804515399038792,3.4740823387870405e-07
116,солененький_ADJ,0.5590384155511856,3.5067229057022406e-07
117,похвальный_ADJ,0.6255114693194628,9.173567801367481e-06
118,утомительный_ADJ,0.6037845006212592,9.63101827863427e-06
119,прибыльный_ADJ,0.6050447300076485,4.51022445378232e-06
120,стоячий_ADJ,0.6666724943788722,4.493277487710783e-06
121,преемственный_ADJ,0.7778894696384668,5.364440456360624e-07
122,амбарный_ADJ,0.7207476571202278,1.9144289619160612e-06
123,хлопковый_ADJ,0.7546527311205864,1.8924478596344448e-06
124,неурожайный_ADJ,0.59333620313555,8.579279626860665e-07
125,спасенный_ADJ,0.7993534579873085,8.62495289462526e-07
126,защитительный_ADJ,0.6298418045043945,1.295365578866228e-06
127,зачетный_ADJ,0.8259325213730335,1.2978029721683568e-06
128,благотворительный_ADJ,0.6275218397495337,1.4666208766863314e-05
129,безмолвный_ADJ,0.5709802508354187,1.4950799272696658e-05
130,карнавальный_ADJ,0.735481159761548,3.537263030301451e-06
131,заемный_ADJ,0.79770777374506,3.610303642766332e-06
132,энергичный_ADJ,0.5996705805882812,3.109369668140913e-05
133,бумажный_ADJ,0.6886575911194086,3.338705368317489e-05
134,овсяный_ADJ,0.6008794084191322,1.718675934224252e-06
135,талантливейший_ADJ,0.7046854197978973,1.6716480361714128e-06
136,холодненький_ADJ,0.6582001335918903,7.603115675832948e-07
137,неприютный_ADJ,0.6917723075021058,7.664308199247253e-07
138,седельный_ADJ,0.6803132854402065,7.173712931350191e-07
139,припухлый_ADJ,0.6166683919727802,7.198577903782481e-07
140,альтруистический_ADJ,0.7067331112921238,9.82120123820287e-07
141,игольчатый_ADJ,0.6322818547487259,9.878724602605625e-07
142,архитектурный_ADJ,0.6057297233492136,1.8534734111114423e-05
143,физиологический_ADJ,0.5292390063405037,1.841424811229558e-05
144,этимологический_ADJ,0.65552918612957,8.466153631994699e-07
145,простудный_ADJ,0.7566073406487703,8.416240699010736e-07
146,умопостигаемый_ADJ,0.8157570688053966,3.286239111693737e-07
147,трясущийся_ADJ,0.6386631652712822,3.4024030861745233e-07
148,спинномозговой_ADJ,0.7818324817344546,7.001697979750853e-07
149,сочиненный_ADJ,0.7775554694235325,7.056948742236152e-07
150,крещеный_ADJ,0.7051056306809187,3.977724371274195e-06
151,безбожный_ADJ,0.6544225700199604,4.031362045507322e-06
152,мажорный_ADJ,0.6848578900098801,1.134784902995288e-06
153,англосаксонский_ADJ,0.7423234982416034,1.1035381579333366e-06
154,заботливый_ADJ,0.5945213008671999,1.0769980859689185e-05
155,желтоватый_ADJ,0.5624349489808083,1.0553713228539934e-05
156,песенный_ADJ,0.6905325651168823,2.8235887985413237e-06
157,редакторский_ADJ,0.7406076323240995,2.768035156829351e-06
158,сейсмический_ADJ,0.7501584496349096,3.158513437268188e-06
159,тыльный_ADJ,0.574915923178196,3.233987930359256e-06
160,обольстительный_ADJ,0.6319837793707848,3.000480251173724e-06
161,токарный_ADJ,0.7065225504338741,2.9868434173351817e-06
162,патентованный_ADJ,0.7680718936026096,4.2479262712972583e-07
163,леопардовый_ADJ,0.6272471696138382,4.2966018685661526e-07
164,венчальный_ADJ,0.6105200797319412,1.1844917198081825e-06
165,несговорчивый_ADJ,0.7472991794347763,1.2116817432499962e-06
166,антисептический_ADJ,0.7314991587772965,4.726016496419084e-07
167,яшмовый_ADJ,0.7312550693750381,4.839367071200041e-07
168,вращательный_ADJ,0.7106451313011348,1.4502652289618832e-06
169,лотерейный_ADJ,0.7021012622863054,1.4789284860139633e-06
170,несвоевременный_ADJ,0.7193893063813448,3.2350312557624986e-06
171,переговорный_ADJ,0.6786653529852629,3.2810590587448305e-06
172,следственный_ADJ,0.6556755630299449,2.0780034657225495e-05
173,безусловный_ADJ,0.5660429373383522,1.9872683908417215e-05
174,братоубийственный_ADJ,0.6262054741382599,1.038321427234889e-06
175,двубортный_ADJ,0.6438715448603034,1.0239486074090687e-06
176,моторный_ADJ,0.7102288883179426,7.452005565354423e-06
177,эфирный_ADJ,0.6951309908181429,7.756340232182093e-06
178,заурядный_ADJ,0.5603402629494667,7.042434730241034e-06
179,безжизненный_ADJ,0.5733387619256973,7.287835273084725e-06
180,одноногий_ADJ,0.759265661239624,1.3418414920122582e-06
181,всемилостивый_ADJ,0.5817089900374413,1.3084491426056815e-06
182,поршневый_ADJ,0.7142602875828743,4.517953305256552e-07
183,цифровой_ADJ,0.678244118578732,1.1266329113234824e-05
184,тропический_ADJ,0.5457836240530014,1.2045282612501491e-05
185,прогорклый_ADJ,0.6277146600186825,8.168343736028083e-07
186,химический_ADJ,0.6745918393135071,7.577790747031499e-05
187,уголовный_ADJ,0.6428982857614756,7.526104388599371e-05
188,массивный_ADJ,0.6445255614817142,1.7054650067296803e-05
189,пищевой_ADJ,0.6881707371212542,1.701027176177766e-05
190,многоугольный_ADJ,0.7562984079122543,2.8988773824125924e-07
191,скопинский_ADJ,0.7261000722646713,2.952684054323097e-07
192,незапертый_ADJ,0.5620006732642651,1.1411347344938793e-06
193,малоподвижный_ADJ,0.6824225708842278,1.172559167271771e-06
194,вещевой_ADJ,0.7341582868248224,3.4358705625247527e-06
195,переводной_ADJ,0.638453746214509,3.3813955298690763e-06
196,текстильный_ADJ,0.7774192551150918,5.1493671636024105e-06
197,одетый_ADJ,0.5443136654794216,5.207754239218539e-06
198,послезавтрашний_ADJ,0.8040283005684614,3.7311004386372864e-07
199,равносторонний_ADJ,0.6218387484550476,3.819391169496397e-07
200,непослушный_ADJ,0.5757151693105698,4.831136014042262e-06
201,лавровый_ADJ,0.6058921031653881,5.0155604965530004e-06
202,генеалогический_ADJ,0.7122254085843451,2.0674561261332146e-06
203,хлипкий_ADJ,0.7616807259619236,2.1109481342206905e-06
204,глубочайший_ADJ,0.5838004499673843,7.681790513507354e-06
205,приземистый_ADJ,0.5474662370979786,7.726403002492888e-06
206,лоскутный_ADJ,0.757811039686203,2.4183847963740835e-06
207,неподкупный_ADJ,0.6338381636887789,2.479774693585782e-06
208,стратиграфический_ADJ,0.7523061856627464,5.188957158924374e-07
209,диаметральный_ADJ,0.8010420370846987,2.7579447587989543e-07
210,компилятивный_ADJ,0.747716099023819,2.7092751032151483e-07
211,чистоплотный_ADJ,0.6567504554986954,1.2978454146220568e-06
212,подъездный_ADJ,0.6044628396630287,1.2770548920099023e-06
213,сверхсильный_ADJ,0.8457516601774842,3.7891824258776795e-07
214,психопатологический_ADJ,0.680978786200285,6.162566971725143e-07
215,общераспространенный_ADJ,0.7142019458115101,6.268264266953656e-07
216,бензольный_ADJ,0.7279818579554558,3.0588533075693077e-07
217,выдержанный_ADJ,0.8877852596342564,3.168613221582891e-07
218,ограничительный_ADJ,0.6602517999708652,1.6367697243482773e-06
219,горластый_ADJ,0.6587508022785187,1.6481009943262531e-06
220,широкоплечий_ADJ,0.5695601012557745,6.397150043078792e-06
221,синтаксический_ADJ,0.7390984252560884,6.1300354203221765e-06
222,лиловый_ADJ,0.5488794893026352,1.630250181903231e-05
223,фиолетовый_ADJ,0.5624912232160568,1.6018020964695174e-05
224,приближенный_ADJ,0.6978928335011005,1.1689222529940086e-06
225,клочковатый_ADJ,0.5971448868513107,1.164814548071981e-06
226,евангелический_ADJ,0.6996797909960151,9.1014789391325e-07
227,теократический_ADJ,0.7048707040958107,9.166928952821432e-07
228,гнойный_ADJ,0.5820190757513046,2.4854513089138966e-06
229,экзаменационный_ADJ,0.7047753445804119,2.4740507568220927e-06
230,ухабистый_ADJ,0.644535306841135,6.095946237195148e-07
231,тенишевский_ADJ,0.6404912900179625,6.010457022665692e-07
232,крестообразный_ADJ,0.7281066332943738,1.0046281250755695e-06
233,сверкающий_ADJ,0.6680341921746731,1.0025478897108475e-06
234,питерский_ADJ,0.8006845563650131,1.2554433935252718e-05
235,деликатный_ADJ,0.6097663417458534,1.273290607428648e-05
236,суэцкий_ADJ,0.6731538474559784,1.3486092227138943e-06
237,высокоразвитый_ADJ,0.7510463632643223,1.3546326726256997e-06
238,горшечный_ADJ,0.74025022611022,3.7238168521180125e-07
239,сипловатый_ADJ,0.560443751513958,3.666698830858956e-07
240,вавилонский_ADJ,0.5723710283637047,6.3841093379926336e-06
241,апрельский_ADJ,0.662808473687619,6.4452452557642915e-06
242,колокольный_ADJ,0.6328749842941761,6.827110091206395e-06
243,радушный_ADJ,0.5659824013710022,6.647638817652411e-06
244,тополевой_ADJ,0.6009991094470024,6.380237366033819e-07
